Participant_id,Duration,Test,Test_Score,is_val
4001,341,TEST_S1_P_1,50,0
4002,398,TEST_S1_P_1,50,0
4003,350,TEST_S1_P_1,50,0
4005,426,TEST_S1_P_1,100,0
4006,348,TEST_S1_P_1,50,0
4008,417,TEST_S1_P_1,84,0
4009,371,TEST_S1_P_1,100,0
4010,324,TEST_S1_P_1,95,0
4011,415,TEST_S1_P_1,50,0
4012,338,TEST_S1_P_1,85,0
4013,397,TEST_S1_P_1,50,0
4014,355,TEST_S1_P_1,50,0
4016,419,TEST_S1_P_1,50,0
4017,434,TEST_S1_P_1,50,0
4018,414,TEST_S1_P_1,50,0
4020,460,TEST_S1_P_1,90,0
4021,410,TEST_S1_P_1,50,0
4022,408,TEST_S1_P_1,50,0
4023,456,TEST_S1_P_1,50,0
4024,466,TEST_S1_P_1,75,0
4025,416,TEST_S1_P_1,60,0
4026,415,TEST_S1_P_1,50,0
4027,424,TEST_S1_P_1,50,0
4028,423,TEST_S1_P_1,82,0
4029,496,TEST_S1_P_1,80,0
4031,426,TEST_S1_P_1,50,0
4032,350,TEST_S1_P_1,50,0
4033,480,TEST_S1_P_1,50,0
4034,428,TEST_S1_P_1,50,0
4035,349,TEST_S1_P_1,50,0
4036,359,TEST_S1_P_1,58,0
4037,486,TEST_S1_P_1,40,0
4039,436,TEST_S1_P_1,50,0
4040,403,TEST_S1_P_1,40,0
4041,430,TEST_S1_P_1,50,0
4042,471,TEST_S1_P_1,50,0
4043,466,TEST_S1_P_1,50,0
4044,428,TEST_S1_P_1,40,0
4045,442,TEST_S1_P_1,100,0
4046,476,TEST_S1_P_1,90,0
4047,382,TEST_S1_P_1,50,0
4048,446,TEST_S1_P_1,55,0
4049,446,TEST_S1_P_1,100,0
4050,537,TEST_S1_P_1,70,0
4051,537,TEST_S1_P_1,50,0
4052,452,TEST_S1_P_1,40,0
4053,410,TEST_S1_P_1,50,0
4054,482,TEST_S1_P_1,100,0
4056,524,TEST_S1_P_1,61,0
4058,526,TEST_S1_P_1,91,0
4059,456,TEST_S1_P_1,80,0
4060,394,TEST_S1_P_1,49,0
4061,542,TEST_S1_P_1,50,0
4063,465,TEST_S1_P_1,60,0
4064,556,TEST_S1_P_1,50,0
4065,437,TEST_S1_P_1,61,0
4066,458,TEST_S1_P_1,50,0
4067,561,TEST_S1_P_1,91,0
4068,497,TEST_S1_P_1,50,0
4069,516,TEST_S1_P_1,65,0
4070,528,TEST_S1_P_1,50,0
4071,496,TEST_S1_P_1,50,0
4072,344,TEST_S1_P_1,76,0
4073,502,TEST_S1_P_1,50,0
4074,530,TEST_S1_P_1,50,0
4075,551,TEST_S1_P_1,60,0
4076,430,TEST_S1_P_1,50,0
4077,572,TEST_S1_P_1,50,0
4078,507,TEST_S1_P_1,50,0
4079,568,TEST_S1_P_1,50,0
4080,578,TEST_S1_P_1,50,0
4081,366,TEST_S1_P_1,50,0
4082,511,TEST_S1_P_1,40,0
4084,564,TEST_S1_P_1,50,0
4085,496,TEST_S1_P_1,100,0
4086,398,TEST_S1_P_1,50,0
4087,607,TEST_S1_P_1,81,0
4088,497,TEST_S1_P_1,0,0
4089,487,TEST_S1_P_1,50,0
4090,553,TEST_S1_P_1,50,0
4092,417,TEST_S1_P_1,50,0
4093,529,TEST_S1_P_1,80,0
4094,534,TEST_S1_P_1,100,0
4096,572,TEST_S1_P_1,65,0
4097,383,TEST_S1_P_1,50,0
4098,531,TEST_S1_P_1,100,0
4099,409,TEST_S1_P_1,50,0
4100,600,TEST_S1_P_1,30,0
4101,620,TEST_S1_P_1,50,0
4102,572,TEST_S1_P_1,50,0
4103,603,TEST_S1_P_1,50,0
4104,459,TEST_S1_P_1,50,0
4105,601,TEST_S1_P_1,62,0
4106,632,TEST_S1_P_1,51,0
4107,580,TEST_S1_P_1,31,0
4108,444,TEST_S1_P_1,0,0
4109,489,TEST_S1_P_1,50,0
4111,454,TEST_S1_P_1,50,0
4112,562,TEST_S1_P_1,45,0
4113,583,TEST_S1_P_1,92,0
4114,474,TEST_S1_P_1,50,0
4115,528,TEST_S1_P_1,25,0
4116,610,TEST_S1_P_1,50,0
4117,444,TEST_S1_P_1,50,0
4119,452,TEST_S1_P_1,100,0
4120,616,TEST_S1_P_1,50,0
4121,530,TEST_S1_P_1,50,0
4122,334,TEST_S1_P_1,39,0
4123,601,TEST_S1_P_1,50,0
4124,531,TEST_S1_P_1,71,0
4125,507,TEST_S1_P_1,96,0
4126,525,TEST_S1_P_1,60,0
4127,534,TEST_S1_P_1,50,0
4129,570,TEST_S1_P_1,50,0
4131,555,TEST_S1_P_1,50,0
4132,504,TEST_S1_P_1,50,0
4134,471,TEST_S1_P_1,50,0
4135,524,TEST_S1_P_1,92,0
4136,486,TEST_S1_P_1,91,0
4137,484,TEST_S1_P_1,50,0
4138,653,TEST_S1_P_1,100,0
4140,646,TEST_S1_P_1,50,0
4141,420,TEST_S1_P_1,50,0
4142,641,TEST_S1_P_1,86,0
4143,526,TEST_S1_P_1,51,0
4144,679,TEST_S1_P_1,60,0
4145,621,TEST_S1_P_1,57,0
4146,489,TEST_S1_P_1,50,0
4147,615,TEST_S1_P_1,50,0
4148,684,TEST_S1_P_1,81,0
4149,560,TEST_S1_P_1,50,0
4151,444,TEST_S1_P_1,50,0
4152,663,TEST_S1_P_1,30,0
4153,655,TEST_S1_P_1,50,0
4155,473,TEST_S1_P_1,15,0
4157,407,TEST_S1_P_1,94,0
4158,487,TEST_S1_P_1,80,0
4159,451,TEST_S1_P_1,50,0
4160,442,TEST_S1_P_1,50,0
4161,556,TEST_S1_P_1,50,0
4162,681,TEST_S1_P_1,100,0
4163,534,TEST_S1_P_1,50,0
4164,727,TEST_S1_P_1,50,0
4165,689,TEST_S1_P_1,100,0
4166,539,TEST_S1_P_1,75,0
4167,562,TEST_S1_P_1,0,0
4168,567,TEST_S1_P_1,100,0
4169,569,TEST_S1_P_1,100,0
4170,752,TEST_S1_P_1,50,0
4171,543,TEST_S1_P_1,50,0
4173,481,TEST_S1_P_1,100,0
4174,565,TEST_S1_P_1,50,0
4175,617,TEST_S1_P_1,100,0
4176,763,TEST_S1_P_1,50,0
4178,570,TEST_S1_P_1,89,0
4181,778,TEST_S1_P_1,100,0
4182,439,TEST_S1_P_1,50,0
4183,660,TEST_S1_P_1,70,0
4184,617,TEST_S1_P_1,90,0
4185,796,TEST_S1_P_1,50,0
4186,639,TEST_S1_P_1,100,0
4187,679,TEST_S1_P_1,70,0
4188,489,TEST_S1_P_1,50,0
4189,675,TEST_S1_P_1,50,0
4190,625,TEST_S1_P_1,50,0
4191,769,TEST_S1_P_1,80,0
4192,605,TEST_S1_P_1,95,0
4193,774,TEST_S1_P_1,50,0
4194,548,TEST_S1_P_1,50,0
4195,541,TEST_S1_P_1,100,0
4196,808,TEST_S1_P_1,45,0
4197,756,TEST_S1_P_1,52,0
4198,477,TEST_S1_P_1,80,0
4199,754,TEST_S1_P_1,62,0
4201,408,TEST_S1_P_1,40,0
4202,720,TEST_S1_P_1,5,0
4203,669,TEST_S1_P_1,61,0
4204,663,TEST_S1_P_1,50,0
4205,833,TEST_S1_P_1,100,0
4207,645,TEST_S1_P_1,50,0
4208,843,TEST_S1_P_1,83,0
4210,478,TEST_S1_P_1,50,0
4211,671,TEST_S1_P_1,75,0
4212,538,TEST_S1_P_1,70,0
4213,740,TEST_S1_P_1,40,0
4214,829,TEST_S1_P_1,50,0
4215,459,TEST_S1_P_1,75,0
4216,753,TEST_S1_P_1,21,0
4218,849,TEST_S1_P_1,85,0
4219,873,TEST_S1_P_1,65,0
4220,620,TEST_S1_P_1,50,0
4221,614,TEST_S1_P_1,92,0
4222,521,TEST_S1_P_1,72,0
4223,715,TEST_S1_P_1,52,0
4224,639,TEST_S1_P_1,30,0
4225,828,TEST_S1_P_1,50,0
4226,691,TEST_S1_P_1,100,0
4227,789,TEST_S1_P_1,40,0
4228,397,TEST_S1_P_1,50,0
4229,845,TEST_S1_P_1,50,0
4230,710,TEST_S1_P_1,50,0
4231,498,TEST_S1_P_1,50,0
4232,456,TEST_S1_P_1,60,0
4233,670,TEST_S1_P_1,73,0
4234,585,TEST_S1_P_1,60,0
4235,899,TEST_S1_P_1,100,0
4237,629,TEST_S1_P_1,75,0
4238,451,TEST_S1_P_1,60,0
4239,759,TEST_S1_P_1,90,0
4240,829,TEST_S1_P_1,50,0
4242,430,TEST_S1_P_1,50,0
4243,783,TEST_S1_P_1,50,0
4244,851,TEST_S1_P_1,10,0
4245,789,TEST_S1_P_1,100,0
4246,825,TEST_S1_P_1,60,0
4247,880,TEST_S1_P_1,50,0
4248,861,TEST_S1_P_1,70,0
4249,594,TEST_S1_P_1,90,0
4250,791,TEST_S1_P_1,50,0
4251,700,TEST_S1_P_1,50,0
4252,649,TEST_S1_P_1,55,0
4253,814,TEST_S1_P_1,60,0
4254,677,TEST_S1_P_1,87,0
4255,788,TEST_S1_P_1,50,0
4256,596,TEST_S1_P_1,93,0
4257,648,TEST_S1_P_1,50,0
4258,387,TEST_S1_P_1,50,0
4259,799,TEST_S1_P_1,20,0
4260,657,TEST_S1_P_1,50,0
4262,604,TEST_S1_P_1,50,0
4263,800,TEST_S1_P_1,82,0
4264,911,TEST_S1_P_1,52,0
4265,952,TEST_S1_P_1,50,0
4266,627,TEST_S1_P_1,82,0
4267,516,TEST_S1_P_1,50,0
4269,496,TEST_S1_P_1,30,0
4270,337,TEST_S1_P_1,50,0
4271,633,TEST_S1_P_1,50,0
4272,950,TEST_S1_P_1,50,0
4273,756,TEST_S1_P_1,50,0
4275,628,TEST_S1_P_1,50,0
4276,642,TEST_S1_P_1,50,0
4277,391,TEST_S1_P_1,55,0
4279,648,TEST_S1_P_1,100,0
4280,446,TEST_S1_P_1,50,0
4281,540,TEST_S1_P_1,50,0
4283,826,TEST_S1_P_1,65,0
4284,893,TEST_S1_P_1,82,0
4286,988,TEST_S1_P_1,50,0
4287,813,TEST_S1_P_1,60,0
4288,901,TEST_S1_P_1,100,0
4289,443,TEST_S1_P_1,50,0
4290,729,TEST_S1_P_1,80,0
4291,332,TEST_S1_P_1,32,0
4292,952,TEST_S1_P_1,100,0
4293,552,TEST_S1_P_1,56,0
4294,831,TEST_S1_P_1,100,0
4295,936,TEST_S1_P_1,50,0
4297,571,TEST_S1_P_1,50,0
4298,648,TEST_S1_P_1,50,0
4300,759,TEST_S1_P_1,50,0
4302,758,TEST_S1_P_1,100,0
4303,1056,TEST_S1_P_1,51,0
4304,774,TEST_S1_P_1,50,0
4305,603,TEST_S1_P_1,100,0
4306,731,TEST_S1_P_1,50,0
4307,1049,TEST_S1_P_1,80,0
4308,682,TEST_S1_P_1,80,0
4309,502,TEST_S1_P_1,50,0
4310,720,TEST_S1_P_1,75,0
4311,743,TEST_S1_P_1,50,0
4312,1019,TEST_S1_P_1,50,0
4314,851,TEST_S1_P_1,100,0
4315,1018,TEST_S1_P_1,50,0
4316,695,TEST_S1_P_1,50,0
4317,926,TEST_S1_P_1,87,0
4318,1006,TEST_S1_P_1,50,0
4319,923,TEST_S1_P_1,50,0
4322,872,TEST_S1_P_1,60,0
4323,1142,TEST_S1_P_1,100,0
4324,1051,TEST_S1_P_1,86,0
4327,1078,TEST_S1_P_1,39,0
4328,1043,TEST_S1_P_1,97,0
4330,613,TEST_S1_P_1,90,0
4333,915,TEST_S1_P_1,38,0
4334,462,TEST_S1_P_1,93,0
4335,1198,TEST_S1_P_1,25,0
4336,1187,TEST_S1_P_1,100,0
4337,1192,TEST_S1_P_1,87,0
4338,774,TEST_S1_P_1,60,0
4339,554,TEST_S1_P_1,50,0
4340,697,TEST_S1_P_1,43,0
4344,1201,TEST_S1_P_1,50,0
4345,1265,TEST_S1_P_1,50,0
4346,724,TEST_S1_P_1,85,0
4347,1162,TEST_S1_P_1,50,0
4348,1232,TEST_S1_P_1,50,0
4349,690,TEST_S1_P_1,50,0
4351,488,TEST_S1_P_1,50,0
4352,1065,TEST_S1_P_1,50,0
4353,539,TEST_S1_P_1,50,0
4357,549,TEST_S1_P_1,40,0
4358,635,TEST_S1_P_1,50,0
4360,1383,TEST_S1_P_1,50,0
4361,435,TEST_S1_P_1,94,0
4362,854,TEST_S1_P_1,50,0
4363,779,TEST_S1_P_1,50,0
4364,1245,TEST_S1_P_1,100,0
4365,1449,TEST_S1_P_1,70,0
4367,783,TEST_S1_P_1,50,0
4368,1469,TEST_S1_P_1,50,0
4369,575,TEST_S1_P_1,40,0
4370,672,TEST_S1_P_1,50,0
4371,432,TEST_S1_P_1,50,0
4372,1268,TEST_S1_P_1,60,0
4376,1521,TEST_S1_P_1,19,0
4377,1128,TEST_S1_P_1,100,0
4378,924,TEST_S1_P_1,60,0
4379,1611,TEST_S1_P_1,80,0
4381,1308,TEST_S1_P_1,50,0
4382,1368,TEST_S1_P_1,41,0
4383,469,TEST_S1_P_1,50,0
4384,1687,TEST_S1_P_1,80,0
4385,1255,TEST_S1_P_1,50,0
4388,795,TEST_S1_P_1,50,0
4389,963,TEST_S1_P_1,50,0
4390,1826,TEST_S1_P_1,80,0
4391,1117,TEST_S1_P_1,100,0
4393,1897,TEST_S1_P_1,100,0
4395,540,TEST_S1_P_1,70,0
4396,1457,TEST_S1_P_1,50,0
4397,1684,TEST_S1_P_1,40,0
4400,924,TEST_S1_P_1,90,0
4403,2098,TEST_S1_P_1,50,0
4405,1591,TEST_S1_P_1,25,0
4406,1253,TEST_S1_P_1,100,0
4407,1924,TEST_S1_P_1,56,0
4408,2231,TEST_S1_P_1,45,0
4409,1204,TEST_S1_P_1,70,0
4410,460,TEST_S1_P_1,100,0
4411,2161,TEST_S1_P_1,100,0
4412,1909,TEST_S1_P_1,0,0
4413,2384,TEST_S1_P_1,100,0
4414,2340,TEST_S1_P_1,50,0
4415,528,TEST_S1_P_1,50,0
4417,1881,TEST_S1_P_1,100,0
4418,1792,TEST_S1_P_1,70,0
4419,600,TEST_S1_P_1,100,0
4420,2711,TEST_S1_P_1,50,0
4421,802,TEST_S1_P_1,20,0
4422,1944,TEST_S1_P_1,50,0
4424,445,TEST_S1_P_1,21,0
4425,550,TEST_S1_P_1,50,0
4426,889,TEST_S1_P_1,60,0
4427,782,TEST_S1_P_1,50,0
4001,341,TEST_S2_P_1,50,0
4002,398,TEST_S2_P_1,49,0
4003,350,TEST_S2_P_1,50,0
4005,426,TEST_S2_P_1,100,0
4006,348,TEST_S2_P_1,100,0
4008,417,TEST_S2_P_1,98,0
4009,371,TEST_S2_P_1,100,0
4010,324,TEST_S2_P_1,100,0
4011,415,TEST_S2_P_1,50,0
4012,338,TEST_S2_P_1,70,0
4013,397,TEST_S2_P_1,50,0
4014,355,TEST_S2_P_1,50,0
4016,419,TEST_S2_P_1,50,0
4017,434,TEST_S2_P_1,50,0
4018,414,TEST_S2_P_1,50,0
4020,460,TEST_S2_P_1,90,0
4021,410,TEST_S2_P_1,50,0
4022,408,TEST_S2_P_1,50,0
4023,456,TEST_S2_P_1,50,0
4024,466,TEST_S2_P_1,21,0
4025,416,TEST_S2_P_1,60,0
4026,415,TEST_S2_P_1,50,0
4027,424,TEST_S2_P_1,50,0
4028,423,TEST_S2_P_1,82,0
4029,496,TEST_S2_P_1,100,0
4031,426,TEST_S2_P_1,80,0
4032,350,TEST_S2_P_1,60,0
4033,480,TEST_S2_P_1,50,0
4034,428,TEST_S2_P_1,50,0
4035,349,TEST_S2_P_1,50,0
4036,359,TEST_S2_P_1,50,0
4037,486,TEST_S2_P_1,50,0
4039,436,TEST_S2_P_1,50,0
4040,403,TEST_S2_P_1,50,0
4041,430,TEST_S2_P_1,50,0
4042,471,TEST_S2_P_1,50,0
4043,466,TEST_S2_P_1,50,0
4044,428,TEST_S2_P_1,57,0
4045,442,TEST_S2_P_1,100,0
4046,476,TEST_S2_P_1,100,0
4047,382,TEST_S2_P_1,50,0
4048,446,TEST_S2_P_1,50,0
4049,446,TEST_S2_P_1,100,0
4050,537,TEST_S2_P_1,80,0
4051,537,TEST_S2_P_1,50,0
4052,452,TEST_S2_P_1,40,0
4053,410,TEST_S2_P_1,50,0
4054,482,TEST_S2_P_1,100,0
4056,524,TEST_S2_P_1,80,0
4058,526,TEST_S2_P_1,71,0
4059,456,TEST_S2_P_1,50,0
4060,394,TEST_S2_P_1,49,0
4061,542,TEST_S2_P_1,50,0
4063,465,TEST_S2_P_1,60,0
4064,556,TEST_S2_P_1,50,0
4065,437,TEST_S2_P_1,31,0
4066,458,TEST_S2_P_1,50,0
4067,561,TEST_S2_P_1,100,0
4068,497,TEST_S2_P_1,50,0
4069,516,TEST_S2_P_1,65,0
4070,528,TEST_S2_P_1,50,0
4071,496,TEST_S2_P_1,50,0
4072,344,TEST_S2_P_1,100,0
4073,502,TEST_S2_P_1,60,0
4074,530,TEST_S2_P_1,100,0
4075,551,TEST_S2_P_1,60,0
4076,430,TEST_S2_P_1,50,0
4077,572,TEST_S2_P_1,49,0
4078,507,TEST_S2_P_1,50,0
4079,568,TEST_S2_P_1,50,0
4080,578,TEST_S2_P_1,50,0
4081,366,TEST_S2_P_1,49,0
4082,511,TEST_S2_P_1,60,0
4084,564,TEST_S2_P_1,70,0
4085,496,TEST_S2_P_1,100,0
4086,398,TEST_S2_P_1,50,0
4087,607,TEST_S2_P_1,70,0
4088,497,TEST_S2_P_1,100,0
4089,487,TEST_S2_P_1,70,0
4090,553,TEST_S2_P_1,50,0
4092,417,TEST_S2_P_1,50,0
4093,529,TEST_S2_P_1,60,0
4094,534,TEST_S2_P_1,100,0
4096,572,TEST_S2_P_1,50,0
4097,383,TEST_S2_P_1,50,0
4098,531,TEST_S2_P_1,100,0
4099,409,TEST_S2_P_1,50,0
4100,600,TEST_S2_P_1,100,0
4101,620,TEST_S2_P_1,80,0
4102,572,TEST_S2_P_1,50,0
4103,603,TEST_S2_P_1,50,0
4104,459,TEST_S2_P_1,50,0
4105,601,TEST_S2_P_1,10,0
4106,632,TEST_S2_P_1,51,0
4107,580,TEST_S2_P_1,61,0
4108,444,TEST_S2_P_1,0,0
4109,489,TEST_S2_P_1,50,0
4111,454,TEST_S2_P_1,50,0
4112,562,TEST_S2_P_1,83,0
4113,583,TEST_S2_P_1,53,0
4114,474,TEST_S2_P_1,50,0
4115,528,TEST_S2_P_1,25,0
4116,610,TEST_S2_P_1,50,0
4117,444,TEST_S2_P_1,50,0
4119,452,TEST_S2_P_1,100,0
4120,616,TEST_S2_P_1,51,0
4121,530,TEST_S2_P_1,50,0
4122,334,TEST_S2_P_1,30,0
4123,601,TEST_S2_P_1,90,0
4124,531,TEST_S2_P_1,71,0
4125,507,TEST_S2_P_1,95,0
4126,525,TEST_S2_P_1,60,0
4127,534,TEST_S2_P_1,52,0
4129,570,TEST_S2_P_1,50,0
4131,555,TEST_S2_P_1,50,0
4132,504,TEST_S2_P_1,50,0
4134,471,TEST_S2_P_1,50,0
4135,524,TEST_S2_P_1,100,0
4136,486,TEST_S2_P_1,87,0
4137,484,TEST_S2_P_1,49,0
4138,653,TEST_S2_P_1,100,0
4140,646,TEST_S2_P_1,50,0
4141,420,TEST_S2_P_1,50,0
4142,641,TEST_S2_P_1,86,0
4143,526,TEST_S2_P_1,51,0
4144,679,TEST_S2_P_1,53,0
4145,621,TEST_S2_P_1,53,0
4146,489,TEST_S2_P_1,50,0
4147,615,TEST_S2_P_1,75,0
4148,684,TEST_S2_P_1,82,0
4149,560,TEST_S2_P_1,51,0
4151,444,TEST_S2_P_1,50,0
4152,663,TEST_S2_P_1,40,0
4153,655,TEST_S2_P_1,60,0
4155,473,TEST_S2_P_1,100,0
4157,407,TEST_S2_P_1,95,0
4158,487,TEST_S2_P_1,80,0
4159,451,TEST_S2_P_1,50,0
4160,442,TEST_S2_P_1,50,0
4161,556,TEST_S2_P_1,50,0
4162,681,TEST_S2_P_1,100,0
4163,534,TEST_S2_P_1,50,0
4164,727,TEST_S2_P_1,50,0
4165,689,TEST_S2_P_1,100,0
4166,539,TEST_S2_P_1,75,0
4167,562,TEST_S2_P_1,100,0
4168,567,TEST_S2_P_1,100,0
4169,569,TEST_S2_P_1,100,0
4170,752,TEST_S2_P_1,50,0
4171,543,TEST_S2_P_1,100,0
4173,481,TEST_S2_P_1,100,0
4174,565,TEST_S2_P_1,50,0
4175,617,TEST_S2_P_1,100,0
4176,763,TEST_S2_P_1,50,0
4178,570,TEST_S2_P_1,51,0
4181,778,TEST_S2_P_1,100,0
4182,439,TEST_S2_P_1,50,0
4183,660,TEST_S2_P_1,50,0
4184,617,TEST_S2_P_1,100,0
4185,796,TEST_S2_P_1,50,0
4186,639,TEST_S2_P_1,50,0
4187,679,TEST_S2_P_1,70,0
4188,489,TEST_S2_P_1,50,0
4189,675,TEST_S2_P_1,25,0
4190,625,TEST_S2_P_1,50,0
4191,769,TEST_S2_P_1,90,0
4192,605,TEST_S2_P_1,10,0
4193,774,TEST_S2_P_1,50,0
4194,548,TEST_S2_P_1,55,0
4195,541,TEST_S2_P_1,80,0
4196,808,TEST_S2_P_1,99,0
4197,756,TEST_S2_P_1,51,0
4198,477,TEST_S2_P_1,100,0
4199,754,TEST_S2_P_1,27,0
4201,408,TEST_S2_P_1,21,0
4202,720,TEST_S2_P_1,60,0
4203,669,TEST_S2_P_1,82,0
4204,663,TEST_S2_P_1,50,0
4205,833,TEST_S2_P_1,100,0
4207,645,TEST_S2_P_1,50,0
4208,843,TEST_S2_P_1,21,0
4210,478,TEST_S2_P_1,40,0
4211,671,TEST_S2_P_1,70,0
4212,538,TEST_S2_P_1,50,0
4213,740,TEST_S2_P_1,75,0
4214,829,TEST_S2_P_1,50,0
4215,459,TEST_S2_P_1,100,0
4216,753,TEST_S2_P_1,100,0
4218,849,TEST_S2_P_1,80,0
4219,873,TEST_S2_P_1,40,0
4220,620,TEST_S2_P_1,50,0
4221,614,TEST_S2_P_1,49,0
4222,521,TEST_S2_P_1,73,0
4223,715,TEST_S2_P_1,51,0
4224,639,TEST_S2_P_1,50,0
4225,828,TEST_S2_P_1,50,0
4226,691,TEST_S2_P_1,100,0
4227,789,TEST_S2_P_1,50,0
4228,397,TEST_S2_P_1,100,0
4229,845,TEST_S2_P_1,100,0
4230,710,TEST_S2_P_1,50,0
4231,498,TEST_S2_P_1,50,0
4232,456,TEST_S2_P_1,60,0
4233,670,TEST_S2_P_1,82,0
4234,585,TEST_S2_P_1,20,0
4235,899,TEST_S2_P_1,100,0
4237,629,TEST_S2_P_1,65,0
4238,451,TEST_S2_P_1,60,0
4239,759,TEST_S2_P_1,100,0
4240,829,TEST_S2_P_1,50,0
4242,430,TEST_S2_P_1,36,0
4243,783,TEST_S2_P_1,100,0
4244,851,TEST_S2_P_1,20,0
4245,789,TEST_S2_P_1,75,0
4246,825,TEST_S2_P_1,80,0
4247,880,TEST_S2_P_1,50,0
4248,861,TEST_S2_P_1,70,0
4249,594,TEST_S2_P_1,60,0
4250,791,TEST_S2_P_1,50,0
4251,700,TEST_S2_P_1,50,0
4252,649,TEST_S2_P_1,50,0
4253,814,TEST_S2_P_1,60,0
4254,677,TEST_S2_P_1,100,0
4255,788,TEST_S2_P_1,100,0
4256,596,TEST_S2_P_1,59,0
4257,648,TEST_S2_P_1,50,0
4258,387,TEST_S2_P_1,50,0
4259,799,TEST_S2_P_1,60,0
4260,657,TEST_S2_P_1,50,0
4262,604,TEST_S2_P_1,50,0
4263,800,TEST_S2_P_1,95,0
4264,911,TEST_S2_P_1,100,0
4265,952,TEST_S2_P_1,100,0
4266,627,TEST_S2_P_1,42,0
4267,516,TEST_S2_P_1,50,0
4269,496,TEST_S2_P_1,90,0
4270,337,TEST_S2_P_1,50,0
4271,633,TEST_S2_P_1,50,0
4272,950,TEST_S2_P_1,50,0
4273,756,TEST_S2_P_1,40,0
4275,628,TEST_S2_P_1,50,0
4276,642,TEST_S2_P_1,50,0
4277,391,TEST_S2_P_1,55,0
4279,648,TEST_S2_P_1,100,0
4280,446,TEST_S2_P_1,51,0
4281,540,TEST_S2_P_1,50,0
4283,826,TEST_S2_P_1,65,0
4284,893,TEST_S2_P_1,100,0
4286,988,TEST_S2_P_1,50,0
4287,813,TEST_S2_P_1,50,0
4288,901,TEST_S2_P_1,99,0
4289,443,TEST_S2_P_1,75,0
4290,729,TEST_S2_P_1,75,0
4291,332,TEST_S2_P_1,57,0
4292,952,TEST_S2_P_1,0,0
4293,552,TEST_S2_P_1,50,0
4294,831,TEST_S2_P_1,100,0
4295,936,TEST_S2_P_1,50,0
4297,571,TEST_S2_P_1,50,0
4298,648,TEST_S2_P_1,50,0
4300,759,TEST_S2_P_1,75,0
4302,758,TEST_S2_P_1,20,0
4303,1056,TEST_S2_P_1,51,0
4304,774,TEST_S2_P_1,50,0
4305,603,TEST_S2_P_1,100,0
4306,731,TEST_S2_P_1,50,0
4307,1049,TEST_S2_P_1,50,0
4308,682,TEST_S2_P_1,80,0
4309,502,TEST_S2_P_1,70,0
4310,720,TEST_S2_P_1,90,0
4311,743,TEST_S2_P_1,50,0
4312,1019,TEST_S2_P_1,50,0
4314,851,TEST_S2_P_1,30,0
4315,1018,TEST_S2_P_1,50,0
4316,695,TEST_S2_P_1,50,0
4317,926,TEST_S2_P_1,82,0
4318,1006,TEST_S2_P_1,100,0
4319,923,TEST_S2_P_1,50,0
4322,872,TEST_S2_P_1,50,0
4323,1142,TEST_S2_P_1,100,0
4324,1051,TEST_S2_P_1,90,0
4327,1078,TEST_S2_P_1,60,0
4328,1043,TEST_S2_P_1,100,0
4330,613,TEST_S2_P_1,60,0
4333,915,TEST_S2_P_1,57,0
4334,462,TEST_S2_P_1,99,0
4335,1198,TEST_S2_P_1,98,0
4336,1187,TEST_S2_P_1,100,0
4337,1192,TEST_S2_P_1,100,0
4338,774,TEST_S2_P_1,39,0
4339,554,TEST_S2_P_1,50,0
4340,697,TEST_S2_P_1,85,0
4344,1201,TEST_S2_P_1,50,0
4345,1265,TEST_S2_P_1,55,0
4346,724,TEST_S2_P_1,90,0
4347,1162,TEST_S2_P_1,9,0
4348,1232,TEST_S2_P_1,50,0
4349,690,TEST_S2_P_1,92,0
4351,488,TEST_S2_P_1,50,0
4352,1065,TEST_S2_P_1,50,0
4353,539,TEST_S2_P_1,100,0
4357,549,TEST_S2_P_1,40,0
4358,635,TEST_S2_P_1,50,0
4360,1383,TEST_S2_P_1,50,0
4361,435,TEST_S2_P_1,97,0
4362,854,TEST_S2_P_1,50,0
4363,779,TEST_S2_P_1,49,0
4364,1245,TEST_S2_P_1,100,0
4365,1449,TEST_S2_P_1,81,0
4367,783,TEST_S2_P_1,60,0
4368,1469,TEST_S2_P_1,50,0
4369,575,TEST_S2_P_1,39,0
4370,672,TEST_S2_P_1,75,0
4371,432,TEST_S2_P_1,50,0
4372,1268,TEST_S2_P_1,55,0
4376,1521,TEST_S2_P_1,36,0
4377,1128,TEST_S2_P_1,50,0
4378,924,TEST_S2_P_1,60,0
4379,1611,TEST_S2_P_1,85,0
4381,1308,TEST_S2_P_1,50,0
4382,1368,TEST_S2_P_1,71,0
4383,469,TEST_S2_P_1,70,0
4384,1687,TEST_S2_P_1,80,0
4385,1255,TEST_S2_P_1,50,0
4388,795,TEST_S2_P_1,100,0
4389,963,TEST_S2_P_1,49,0
4390,1826,TEST_S2_P_1,55,0
4391,1117,TEST_S2_P_1,70,0
4393,1897,TEST_S2_P_1,100,0
4395,540,TEST_S2_P_1,75,0
4396,1457,TEST_S2_P_1,50,0
4397,1684,TEST_S2_P_1,91,0
4400,924,TEST_S2_P_1,90,0
4403,2098,TEST_S2_P_1,70,0
4405,1591,TEST_S2_P_1,50,0
4406,1253,TEST_S2_P_1,100,0
4407,1924,TEST_S2_P_1,57,0
4408,2231,TEST_S2_P_1,61,0
4409,1204,TEST_S2_P_1,70,0
4410,460,TEST_S2_P_1,100,0
4411,2161,TEST_S2_P_1,100,0
4412,1909,TEST_S2_P_1,25,0
4413,2384,TEST_S2_P_1,100,0
4414,2340,TEST_S2_P_1,50,0
4415,528,TEST_S2_P_1,50,0
4417,1881,TEST_S2_P_1,50,0
4418,1792,TEST_S2_P_1,70,0
4419,600,TEST_S2_P_1,100,0
4420,2711,TEST_S2_P_1,50,0
4421,802,TEST_S2_P_1,60,0
4422,1944,TEST_S2_P_1,50,0
4424,445,TEST_S2_P_1,100,0
4425,550,TEST_S2_P_1,100,0
4426,889,TEST_S2_P_1,49,0
4427,782,TEST_S2_P_1,50,0
4001,341,TEST_S3_P_1,50,0
4002,398,TEST_S3_P_1,50,0
4003,350,TEST_S3_P_1,50,0
4005,426,TEST_S3_P_1,100,0
4006,348,TEST_S3_P_1,50,0
4008,417,TEST_S3_P_1,90,0
4009,371,TEST_S3_P_1,75,0
4010,324,TEST_S3_P_1,50,0
4011,415,TEST_S3_P_1,50,0
4012,338,TEST_S3_P_1,60,0
4013,397,TEST_S3_P_1,50,0
4014,355,TEST_S3_P_1,50,0
4016,419,TEST_S3_P_1,50,0
4017,434,TEST_S3_P_1,50,0
4018,414,TEST_S3_P_1,50,0
4020,460,TEST_S3_P_1,90,0
4021,410,TEST_S3_P_1,50,0
4022,408,TEST_S3_P_1,50,0
4023,456,TEST_S3_P_1,50,0
4024,466,TEST_S3_P_1,86,0
4025,416,TEST_S3_P_1,60,0
4026,415,TEST_S3_P_1,50,0
4027,424,TEST_S3_P_1,50,0
4028,423,TEST_S3_P_1,82,0
4029,496,TEST_S3_P_1,50,0
4031,426,TEST_S3_P_1,71,0
4032,350,TEST_S3_P_1,55,0
4033,480,TEST_S3_P_1,50,0
4034,428,TEST_S3_P_1,50,0
4035,349,TEST_S3_P_1,70,0
4036,359,TEST_S3_P_1,57,0
4037,486,TEST_S3_P_1,45,0
4039,436,TEST_S3_P_1,50,0
4040,403,TEST_S3_P_1,40,0
4041,430,TEST_S3_P_1,50,0
4042,471,TEST_S3_P_1,50,0
4043,466,TEST_S3_P_1,50,0
4044,428,TEST_S3_P_1,24,0
4045,442,TEST_S3_P_1,100,0
4046,476,TEST_S3_P_1,100,0
4047,382,TEST_S3_P_1,50,0
4048,446,TEST_S3_P_1,50,0
4049,446,TEST_S3_P_1,100,0
4050,537,TEST_S3_P_1,90,0
4051,537,TEST_S3_P_1,50,0
4052,452,TEST_S3_P_1,40,0
4053,410,TEST_S3_P_1,50,0
4054,482,TEST_S3_P_1,50,0
4056,524,TEST_S3_P_1,38,0
4058,526,TEST_S3_P_1,82,0
4059,456,TEST_S3_P_1,50,0
4060,394,TEST_S3_P_1,50,0
4061,542,TEST_S3_P_1,50,0
4063,465,TEST_S3_P_1,60,0
4064,556,TEST_S3_P_1,50,0
4065,437,TEST_S3_P_1,50,0
4066,458,TEST_S3_P_1,50,0
4067,561,TEST_S3_P_1,92,0
4068,497,TEST_S3_P_1,50,0
4069,516,TEST_S3_P_1,50,0
4070,528,TEST_S3_P_1,50,0
4071,496,TEST_S3_P_1,100,0
4072,344,TEST_S3_P_1,51,0
4073,502,TEST_S3_P_1,60,0
4074,530,TEST_S3_P_1,100,0
4075,551,TEST_S3_P_1,60,0
4076,430,TEST_S3_P_1,50,0
4077,572,TEST_S3_P_1,60,0
4078,507,TEST_S3_P_1,50,0
4079,568,TEST_S3_P_1,50,0
4080,578,TEST_S3_P_1,50,0
4081,366,TEST_S3_P_1,50,0
4082,511,TEST_S3_P_1,50,0
4084,564,TEST_S3_P_1,98,0
4085,496,TEST_S3_P_1,100,0
4086,398,TEST_S3_P_1,50,0
4087,607,TEST_S3_P_1,71,0
4088,497,TEST_S3_P_1,100,0
4089,487,TEST_S3_P_1,75,0
4090,553,TEST_S3_P_1,50,0
4092,417,TEST_S3_P_1,50,0
4093,529,TEST_S3_P_1,70,0
4094,534,TEST_S3_P_1,100,0
4096,572,TEST_S3_P_1,80,0
4097,383,TEST_S3_P_1,50,0
4098,531,TEST_S3_P_1,100,0
4099,409,TEST_S3_P_1,50,0
4100,600,TEST_S3_P_1,40,0
4101,620,TEST_S3_P_1,80,0
4102,572,TEST_S3_P_1,50,0
4103,603,TEST_S3_P_1,50,0
4104,459,TEST_S3_P_1,50,0
4105,601,TEST_S3_P_1,72,0
4106,632,TEST_S3_P_1,51,0
4107,580,TEST_S3_P_1,50,0
4108,444,TEST_S3_P_1,0,0
4109,489,TEST_S3_P_1,25,0
4111,454,TEST_S3_P_1,50,0
4112,562,TEST_S3_P_1,50,0
4113,583,TEST_S3_P_1,100,0
4114,474,TEST_S3_P_1,50,0
4115,528,TEST_S3_P_1,25,0
4116,610,TEST_S3_P_1,50,0
4117,444,TEST_S3_P_1,50,0
4119,452,TEST_S3_P_1,92,0
4120,616,TEST_S3_P_1,50,0
4121,530,TEST_S3_P_1,50,0
4122,334,TEST_S3_P_1,40,0
4123,601,TEST_S3_P_1,40,0
4124,531,TEST_S3_P_1,71,0
4125,507,TEST_S3_P_1,100,0
4126,525,TEST_S3_P_1,60,0
4127,534,TEST_S3_P_1,50,0
4129,570,TEST_S3_P_1,50,0
4131,555,TEST_S3_P_1,50,0
4132,504,TEST_S3_P_1,50,0
4134,471,TEST_S3_P_1,50,0
4135,524,TEST_S3_P_1,99,0
4136,486,TEST_S3_P_1,83,0
4137,484,TEST_S3_P_1,65,0
4138,653,TEST_S3_P_1,80,0
4140,646,TEST_S3_P_1,50,0
4141,420,TEST_S3_P_1,50,0
4142,641,TEST_S3_P_1,86,0
4143,526,TEST_S3_P_1,70,0
4144,679,TEST_S3_P_1,61,0
4145,621,TEST_S3_P_1,50,0
4146,489,TEST_S3_P_1,30,0
4147,615,TEST_S3_P_1,50,0
4148,684,TEST_S3_P_1,79,0
4149,560,TEST_S3_P_1,90,0
4151,444,TEST_S3_P_1,50,0
4152,663,TEST_S3_P_1,92,0
4153,655,TEST_S3_P_1,50,0
4155,473,TEST_S3_P_1,19,0
4157,407,TEST_S3_P_1,50,0
4158,487,TEST_S3_P_1,85,0
4159,451,TEST_S3_P_1,50,0
4160,442,TEST_S3_P_1,50,0
4161,556,TEST_S3_P_1,50,0
4162,681,TEST_S3_P_1,100,0
4163,534,TEST_S3_P_1,50,0
4164,727,TEST_S3_P_1,50,0
4165,689,TEST_S3_P_1,100,0
4166,539,TEST_S3_P_1,62,0
4167,562,TEST_S3_P_1,100,0
4168,567,TEST_S3_P_1,100,0
4169,569,TEST_S3_P_1,50,0
4170,752,TEST_S3_P_1,50,0
4171,543,TEST_S3_P_1,50,0
4173,481,TEST_S3_P_1,100,0
4174,565,TEST_S3_P_1,50,0
4175,617,TEST_S3_P_1,100,0
4176,763,TEST_S3_P_1,50,0
4178,570,TEST_S3_P_1,88,0
4181,778,TEST_S3_P_1,50,0
4182,439,TEST_S3_P_1,50,0
4183,660,TEST_S3_P_1,70,0
4184,617,TEST_S3_P_1,40,0
4185,796,TEST_S3_P_1,50,0
4186,639,TEST_S3_P_1,50,0
4187,679,TEST_S3_P_1,70,0
4188,489,TEST_S3_P_1,50,0
4189,675,TEST_S3_P_1,35,0
4190,625,TEST_S3_P_1,70,0
4191,769,TEST_S3_P_1,60,0
4192,605,TEST_S3_P_1,10,0
4193,774,TEST_S3_P_1,50,0
4194,548,TEST_S3_P_1,55,0
4195,541,TEST_S3_P_1,50,0
4196,808,TEST_S3_P_1,90,0
4197,756,TEST_S3_P_1,55,0
4198,477,TEST_S3_P_1,80,0
4199,754,TEST_S3_P_1,67,0
4201,408,TEST_S3_P_1,60,0
4202,720,TEST_S3_P_1,70,0
4203,669,TEST_S3_P_1,61,0
4204,663,TEST_S3_P_1,50,0
4205,833,TEST_S3_P_1,100,0
4207,645,TEST_S3_P_1,50,0
4208,843,TEST_S3_P_1,15,0
4210,478,TEST_S3_P_1,40,0
4211,671,TEST_S3_P_1,55,0
4212,538,TEST_S3_P_1,60,0
4213,740,TEST_S3_P_1,90,0
4214,829,TEST_S3_P_1,50,0
4215,459,TEST_S3_P_1,82,0
4216,753,TEST_S3_P_1,81,0
4218,849,TEST_S3_P_1,70,0
4219,873,TEST_S3_P_1,70,0
4220,620,TEST_S3_P_1,50,0
4221,614,TEST_S3_P_1,19,0
4222,521,TEST_S3_P_1,71,0
4223,715,TEST_S3_P_1,51,0
4224,639,TEST_S3_P_1,50,0
4225,828,TEST_S3_P_1,50,0
4226,691,TEST_S3_P_1,100,0
4227,789,TEST_S3_P_1,50,0
4228,397,TEST_S3_P_1,50,0
4229,845,TEST_S3_P_1,100,0
4230,710,TEST_S3_P_1,50,0
4231,498,TEST_S3_P_1,50,0
4232,456,TEST_S3_P_1,55,0
4233,670,TEST_S3_P_1,71,0
4234,585,TEST_S3_P_1,20,0
4235,899,TEST_S3_P_1,100,0
4237,629,TEST_S3_P_1,10,0
4238,451,TEST_S3_P_1,60,0
4239,759,TEST_S3_P_1,70,0
4240,829,TEST_S3_P_1,50,0
4242,430,TEST_S3_P_1,14,0
4243,783,TEST_S3_P_1,100,0
4244,851,TEST_S3_P_1,30,0
4245,789,TEST_S3_P_1,71,0
4246,825,TEST_S3_P_1,30,0
4247,880,TEST_S3_P_1,50,0
4248,861,TEST_S3_P_1,70,0
4249,594,TEST_S3_P_1,60,0
4250,791,TEST_S3_P_1,50,0
4251,700,TEST_S3_P_1,50,0
4252,649,TEST_S3_P_1,50,0
4253,814,TEST_S3_P_1,80,0
4254,677,TEST_S3_P_1,99,0
4255,788,TEST_S3_P_1,37,0
4256,596,TEST_S3_P_1,83,0
4257,648,TEST_S3_P_1,50,0
4258,387,TEST_S3_P_1,50,0
4259,799,TEST_S3_P_1,75,0
4260,657,TEST_S3_P_1,50,0
4262,604,TEST_S3_P_1,50,0
4263,800,TEST_S3_P_1,100,0
4264,911,TEST_S3_P_1,50,0
4265,952,TEST_S3_P_1,50,0
4266,627,TEST_S3_P_1,75,0
4267,516,TEST_S3_P_1,50,0
4269,496,TEST_S3_P_1,30,0
4270,337,TEST_S3_P_1,50,0
4271,633,TEST_S3_P_1,50,0
4272,950,TEST_S3_P_1,50,0
4273,756,TEST_S3_P_1,62,0
4275,628,TEST_S3_P_1,50,0
4276,642,TEST_S3_P_1,50,0
4277,391,TEST_S3_P_1,55,0
4279,648,TEST_S3_P_1,100,0
4280,446,TEST_S3_P_1,50,0
4281,540,TEST_S3_P_1,50,0
4283,826,TEST_S3_P_1,70,0
4284,893,TEST_S3_P_1,100,0
4286,988,TEST_S3_P_1,50,0
4287,813,TEST_S3_P_1,40,0
4288,901,TEST_S3_P_1,50,0
4289,443,TEST_S3_P_1,50,0
4290,729,TEST_S3_P_1,67,0
4291,332,TEST_S3_P_1,57,0
4292,952,TEST_S3_P_1,1,0
4293,552,TEST_S3_P_1,55,0
4294,831,TEST_S3_P_1,50,0
4295,936,TEST_S3_P_1,50,0
4297,571,TEST_S3_P_1,50,0
4298,648,TEST_S3_P_1,50,0
4300,759,TEST_S3_P_1,50,0
4302,758,TEST_S3_P_1,15,0
4303,1056,TEST_S3_P_1,51,0
4304,774,TEST_S3_P_1,50,0
4305,603,TEST_S3_P_1,70,0
4306,731,TEST_S3_P_1,50,0
4307,1049,TEST_S3_P_1,80,0
4308,682,TEST_S3_P_1,80,0
4309,502,TEST_S3_P_1,50,0
4310,720,TEST_S3_P_1,75,0
4311,743,TEST_S3_P_1,50,0
4312,1019,TEST_S3_P_1,50,0
4314,851,TEST_S3_P_1,0,0
4315,1018,TEST_S3_P_1,50,0
4316,695,TEST_S3_P_1,25,0
4317,926,TEST_S3_P_1,75,0
4318,1006,TEST_S3_P_1,50,0
4319,923,TEST_S3_P_1,50,0
4322,872,TEST_S3_P_1,60,0
4323,1142,TEST_S3_P_1,100,0
4324,1051,TEST_S3_P_1,91,0
4327,1078,TEST_S3_P_1,61,0
4328,1043,TEST_S3_P_1,94,0
4330,613,TEST_S3_P_1,100,0
4333,915,TEST_S3_P_1,100,0
4334,462,TEST_S3_P_1,50,0
4335,1198,TEST_S3_P_1,100,0
4336,1187,TEST_S3_P_1,100,0
4337,1192,TEST_S3_P_1,80,0
4338,774,TEST_S3_P_1,86,0
4339,554,TEST_S3_P_1,50,0
4340,697,TEST_S3_P_1,75,0
4344,1201,TEST_S3_P_1,50,0
4345,1265,TEST_S3_P_1,50,0
4346,724,TEST_S3_P_1,92,0
4347,1162,TEST_S3_P_1,100,0
4348,1232,TEST_S3_P_1,50,0
4349,690,TEST_S3_P_1,50,0
4351,488,TEST_S3_P_1,50,0
4352,1065,TEST_S3_P_1,51,0
4353,539,TEST_S3_P_1,50,0
4357,549,TEST_S3_P_1,25,0
4358,635,TEST_S3_P_1,50,0
4360,1383,TEST_S3_P_1,25,0
4361,435,TEST_S3_P_1,89,0
4362,854,TEST_S3_P_1,50,0
4363,779,TEST_S3_P_1,50,0
4364,1245,TEST_S3_P_1,100,0
4365,1449,TEST_S3_P_1,80,0
4367,783,TEST_S3_P_1,50,0
4368,1469,TEST_S3_P_1,50,0
4369,575,TEST_S3_P_1,39,0
4370,672,TEST_S3_P_1,50,0
4371,432,TEST_S3_P_1,50,0
4372,1268,TEST_S3_P_1,55,0
4376,1521,TEST_S3_P_1,20,0
4377,1128,TEST_S3_P_1,50,0
4378,924,TEST_S3_P_1,60,0
4379,1611,TEST_S3_P_1,60,0
4381,1308,TEST_S3_P_1,50,0
4382,1368,TEST_S3_P_1,36,0
4383,469,TEST_S3_P_1,90,0
4384,1687,TEST_S3_P_1,90,0
4385,1255,TEST_S3_P_1,50,0
4388,795,TEST_S3_P_1,50,0
4389,963,TEST_S3_P_1,50,0
4390,1826,TEST_S3_P_1,50,0
4391,1117,TEST_S3_P_1,70,0
4393,1897,TEST_S3_P_1,100,0
4395,540,TEST_S3_P_1,70,0
4396,1457,TEST_S3_P_1,75,0
4397,1684,TEST_S3_P_1,100,0
4400,924,TEST_S3_P_1,90,0
4403,2098,TEST_S3_P_1,50,0
4405,1591,TEST_S3_P_1,25,0
4406,1253,TEST_S3_P_1,100,0
4407,1924,TEST_S3_P_1,58,0
4408,2231,TEST_S3_P_1,40,0
4409,1204,TEST_S3_P_1,70,0
4410,460,TEST_S3_P_1,100,0
4411,2161,TEST_S3_P_1,100,0
4412,1909,TEST_S3_P_1,50,0
4413,2384,TEST_S3_P_1,100,0
4414,2340,TEST_S3_P_1,50,0
4415,528,TEST_S3_P_1,56,0
4417,1881,TEST_S3_P_1,0,0
4418,1792,TEST_S3_P_1,80,0
4419,600,TEST_S3_P_1,50,0
4420,2711,TEST_S3_P_1,50,0
4421,802,TEST_S3_P_1,75,0
4422,1944,TEST_S3_P_1,45,0
4424,445,TEST_S3_P_1,45,0
4425,550,TEST_S3_P_1,50,0
4426,889,TEST_S3_P_1,60,0
4427,782,TEST_S3_P_1,50,0
4001,341,TEST_S1_P_val_1,100,1
4002,398,TEST_S1_P_val_1,100,1
4003,350,TEST_S1_P_val_1,100,1
4005,426,TEST_S1_P_val_1,100,1
4006,348,TEST_S1_P_val_1,100,1
4008,417,TEST_S1_P_val_1,96,1
4009,371,TEST_S1_P_val_1,100,1
4010,324,TEST_S1_P_val_1,100,1
4011,415,TEST_S1_P_val_1,100,1
4012,338,TEST_S1_P_val_1,95,1
4013,397,TEST_S1_P_val_1,100,1
4014,355,TEST_S1_P_val_1,100,1
4016,419,TEST_S1_P_val_1,100,1
4017,434,TEST_S1_P_val_1,100,1
4018,414,TEST_S1_P_val_1,93,1
4020,460,TEST_S1_P_val_1,100,1
4021,410,TEST_S1_P_val_1,100,1
4022,408,TEST_S1_P_val_1,100,1
4023,456,TEST_S1_P_val_1,100,1
4024,466,TEST_S1_P_val_1,100,1
4025,416,TEST_S1_P_val_1,100,1
4026,415,TEST_S1_P_val_1,100,1
4027,424,TEST_S1_P_val_1,100,1
4028,423,TEST_S1_P_val_1,100,1
4029,496,TEST_S1_P_val_1,100,1
4031,426,TEST_S1_P_val_1,100,1
4032,350,TEST_S1_P_val_1,100,1
4033,480,TEST_S1_P_val_1,100,1
4034,428,TEST_S1_P_val_1,100,1
4035,349,TEST_S1_P_val_1,100,1
4036,359,TEST_S1_P_val_1,100,1
4037,486,TEST_S1_P_val_1,100,1
4039,436,TEST_S1_P_val_1,100,1
4040,403,TEST_S1_P_val_1,100,1
4041,430,TEST_S1_P_val_1,100,1
4042,471,TEST_S1_P_val_1,100,1
4043,466,TEST_S1_P_val_1,100,1
4044,428,TEST_S1_P_val_1,100,1
4045,442,TEST_S1_P_val_1,100,1
4046,476,TEST_S1_P_val_1,100,1
4047,382,TEST_S1_P_val_1,100,1
4048,446,TEST_S1_P_val_1,100,1
4049,446,TEST_S1_P_val_1,100,1
4050,537,TEST_S1_P_val_1,91,1
4051,537,TEST_S1_P_val_1,100,1
4052,452,TEST_S1_P_val_1,100,1
4053,410,TEST_S1_P_val_1,98,1
4054,482,TEST_S1_P_val_1,100,1
4056,524,TEST_S1_P_val_1,100,1
4058,526,TEST_S1_P_val_1,100,1
4059,456,TEST_S1_P_val_1,100,1
4060,394,TEST_S1_P_val_1,91,1
4061,542,TEST_S1_P_val_1,100,1
4063,465,TEST_S1_P_val_1,100,1
4064,556,TEST_S1_P_val_1,100,1
4065,437,TEST_S1_P_val_1,100,1
4066,458,TEST_S1_P_val_1,100,1
4067,561,TEST_S1_P_val_1,100,1
4068,497,TEST_S1_P_val_1,100,1
4069,516,TEST_S1_P_val_1,100,1
4070,528,TEST_S1_P_val_1,100,1
4071,496,TEST_S1_P_val_1,100,1
4072,344,TEST_S1_P_val_1,100,1
4073,502,TEST_S1_P_val_1,100,1
4074,530,TEST_S1_P_val_1,100,1
4075,551,TEST_S1_P_val_1,100,1
4076,430,TEST_S1_P_val_1,95,1
4077,572,TEST_S1_P_val_1,98,1
4078,507,TEST_S1_P_val_1,100,1
4079,568,TEST_S1_P_val_1,100,1
4080,578,TEST_S1_P_val_1,100,1
4081,366,TEST_S1_P_val_1,100,1
4082,511,TEST_S1_P_val_1,95,1
4084,564,TEST_S1_P_val_1,96,1
4085,496,TEST_S1_P_val_1,100,1
4086,398,TEST_S1_P_val_1,100,1
4087,607,TEST_S1_P_val_1,100,1
4088,497,TEST_S1_P_val_1,100,1
4089,487,TEST_S1_P_val_1,100,1
4090,553,TEST_S1_P_val_1,100,1
4092,417,TEST_S1_P_val_1,100,1
4093,529,TEST_S1_P_val_1,98,1
4094,534,TEST_S1_P_val_1,100,1
4096,572,TEST_S1_P_val_1,100,1
4097,383,TEST_S1_P_val_1,99,1
4098,531,TEST_S1_P_val_1,100,1
4099,409,TEST_S1_P_val_1,100,1
4100,600,TEST_S1_P_val_1,100,1
4101,620,TEST_S1_P_val_1,100,1
4102,572,TEST_S1_P_val_1,100,1
4103,603,TEST_S1_P_val_1,100,1
4104,459,TEST_S1_P_val_1,100,1
4105,601,TEST_S1_P_val_1,19,1
4106,632,TEST_S1_P_val_1,99,1
4107,580,TEST_S1_P_val_1,97,1
4108,444,TEST_S1_P_val_1,100,1
4109,489,TEST_S1_P_val_1,100,1
4111,454,TEST_S1_P_val_1,100,1
4112,562,TEST_S1_P_val_1,86,1
4113,583,TEST_S1_P_val_1,100,1
4114,474,TEST_S1_P_val_1,100,1
4115,528,TEST_S1_P_val_1,100,1
4116,610,TEST_S1_P_val_1,100,1
4117,444,TEST_S1_P_val_1,100,1
4119,452,TEST_S1_P_val_1,100,1
4120,616,TEST_S1_P_val_1,100,1
4121,530,TEST_S1_P_val_1,100,1
4122,334,TEST_S1_P_val_1,92,1
4123,601,TEST_S1_P_val_1,100,1
4124,531,TEST_S1_P_val_1,100,1
4125,507,TEST_S1_P_val_1,100,1
4126,525,TEST_S1_P_val_1,100,1
4127,534,TEST_S1_P_val_1,100,1
4129,570,TEST_S1_P_val_1,100,1
4131,555,TEST_S1_P_val_1,100,1
4132,504,TEST_S1_P_val_1,100,1
4134,471,TEST_S1_P_val_1,100,1
4135,524,TEST_S1_P_val_1,100,1
4136,486,TEST_S1_P_val_1,100,1
4137,484,TEST_S1_P_val_1,94,1
4138,653,TEST_S1_P_val_1,100,1
4140,646,TEST_S1_P_val_1,100,1
4141,420,TEST_S1_P_val_1,100,1
4142,641,TEST_S1_P_val_1,100,1
4143,526,TEST_S1_P_val_1,100,1
4144,679,TEST_S1_P_val_1,83,1
4145,621,TEST_S1_P_val_1,88,1
4146,489,TEST_S1_P_val_1,100,1
4147,615,TEST_S1_P_val_1,100,1
4148,684,TEST_S1_P_val_1,100,1
4149,560,TEST_S1_P_val_1,100,1
4151,444,TEST_S1_P_val_1,100,1
4152,663,TEST_S1_P_val_1,100,1
4153,655,TEST_S1_P_val_1,100,1
4155,473,TEST_S1_P_val_1,100,1
4157,407,TEST_S1_P_val_1,100,1
4158,487,TEST_S1_P_val_1,100,1
4159,451,TEST_S1_P_val_1,100,1
4160,442,TEST_S1_P_val_1,100,1
4161,556,TEST_S1_P_val_1,100,1
4162,681,TEST_S1_P_val_1,100,1
4163,534,TEST_S1_P_val_1,100,1
4164,727,TEST_S1_P_val_1,100,1
4165,689,TEST_S1_P_val_1,100,1
4166,539,TEST_S1_P_val_1,96,1
4167,562,TEST_S1_P_val_1,50,1
4168,567,TEST_S1_P_val_1,100,1
4169,569,TEST_S1_P_val_1,100,1
4170,752,TEST_S1_P_val_1,100,1
4171,543,TEST_S1_P_val_1,100,1
4173,481,TEST_S1_P_val_1,100,1
4174,565,TEST_S1_P_val_1,100,1
4175,617,TEST_S1_P_val_1,0,1
4176,763,TEST_S1_P_val_1,100,1
4178,570,TEST_S1_P_val_1,70,1
4181,778,TEST_S1_P_val_1,100,1
4182,439,TEST_S1_P_val_1,100,1
4183,660,TEST_S1_P_val_1,100,1
4184,617,TEST_S1_P_val_1,100,1
4185,796,TEST_S1_P_val_1,100,1
4186,639,TEST_S1_P_val_1,100,1
4187,679,TEST_S1_P_val_1,100,1
4188,489,TEST_S1_P_val_1,100,1
4189,675,TEST_S1_P_val_1,90,1
4190,625,TEST_S1_P_val_1,90,1
4191,769,TEST_S1_P_val_1,100,1
4192,605,TEST_S1_P_val_1,100,1
4193,774,TEST_S1_P_val_1,100,1
4194,548,TEST_S1_P_val_1,100,1
4195,541,TEST_S1_P_val_1,100,1
4196,808,TEST_S1_P_val_1,99,1
4197,756,TEST_S1_P_val_1,97,1
4198,477,TEST_S1_P_val_1,100,1
4199,754,TEST_S1_P_val_1,100,1
4201,408,TEST_S1_P_val_1,100,1
4202,720,TEST_S1_P_val_1,100,1
4203,669,TEST_S1_P_val_1,100,1
4204,663,TEST_S1_P_val_1,100,1
4205,833,TEST_S1_P_val_1,100,1
4207,645,TEST_S1_P_val_1,100,1
4208,843,TEST_S1_P_val_1,100,1
4210,478,TEST_S1_P_val_1,100,1
4211,671,TEST_S1_P_val_1,100,1
4212,538,TEST_S1_P_val_1,90,1
4213,740,TEST_S1_P_val_1,90,1
4214,829,TEST_S1_P_val_1,100,1
4215,459,TEST_S1_P_val_1,100,1
4216,753,TEST_S1_P_val_1,70,1
4218,849,TEST_S1_P_val_1,100,1
4219,873,TEST_S1_P_val_1,100,1
4220,620,TEST_S1_P_val_1,50,1
4221,614,TEST_S1_P_val_1,92,1
4222,521,TEST_S1_P_val_1,100,1
4223,715,TEST_S1_P_val_1,100,1
4224,639,TEST_S1_P_val_1,100,1
4225,828,TEST_S1_P_val_1,100,1
4226,691,TEST_S1_P_val_1,100,1
4227,789,TEST_S1_P_val_1,100,1
4228,397,TEST_S1_P_val_1,100,1
4229,845,TEST_S1_P_val_1,100,1
4230,710,TEST_S1_P_val_1,100,1
4231,498,TEST_S1_P_val_1,100,1
4232,456,TEST_S1_P_val_1,100,1
4233,670,TEST_S1_P_val_1,97,1
4234,585,TEST_S1_P_val_1,100,1
4235,899,TEST_S1_P_val_1,100,1
4237,629,TEST_S1_P_val_1,100,1
4238,451,TEST_S1_P_val_1,100,1
4239,759,TEST_S1_P_val_1,90,1
4240,829,TEST_S1_P_val_1,100,1
4242,430,TEST_S1_P_val_1,100,1
4243,783,TEST_S1_P_val_1,100,1
4244,851,TEST_S1_P_val_1,70,1
4245,789,TEST_S1_P_val_1,100,1
4246,825,TEST_S1_P_val_1,100,1
4247,880,TEST_S1_P_val_1,100,1
4248,861,TEST_S1_P_val_1,100,1
4249,594,TEST_S1_P_val_1,90,1
4250,791,TEST_S1_P_val_1,100,1
4251,700,TEST_S1_P_val_1,100,1
4252,649,TEST_S1_P_val_1,100,1
4253,814,TEST_S1_P_val_1,90,1
4254,677,TEST_S1_P_val_1,89,1
4255,788,TEST_S1_P_val_1,100,1
4256,596,TEST_S1_P_val_1,94,1
4257,648,TEST_S1_P_val_1,100,1
4258,387,TEST_S1_P_val_1,100,1
4259,799,TEST_S1_P_val_1,90,1
4260,657,TEST_S1_P_val_1,100,1
4262,604,TEST_S1_P_val_1,100,1
4263,800,TEST_S1_P_val_1,100,1
4264,911,TEST_S1_P_val_1,100,1
4265,952,TEST_S1_P_val_1,100,1
4266,627,TEST_S1_P_val_1,100,1
4267,516,TEST_S1_P_val_1,100,1
4269,496,TEST_S1_P_val_1,97,1
4270,337,TEST_S1_P_val_1,100,1
4271,633,TEST_S1_P_val_1,100,1
4272,950,TEST_S1_P_val_1,100,1
4273,756,TEST_S1_P_val_1,93,1
4275,628,TEST_S1_P_val_1,100,1
4276,642,TEST_S1_P_val_1,100,1
4277,391,TEST_S1_P_val_1,100,1
4279,648,TEST_S1_P_val_1,100,1
4280,446,TEST_S1_P_val_1,100,1
4281,540,TEST_S1_P_val_1,100,1
4283,826,TEST_S1_P_val_1,100,1
4284,893,TEST_S1_P_val_1,100,1
4286,988,TEST_S1_P_val_1,100,1
4287,813,TEST_S1_P_val_1,100,1
4288,901,TEST_S1_P_val_1,100,1
4289,443,TEST_S1_P_val_1,100,1
4290,729,TEST_S1_P_val_1,100,1
4291,332,TEST_S1_P_val_1,69,1
4292,952,TEST_S1_P_val_1,100,1
4293,552,TEST_S1_P_val_1,100,1
4294,831,TEST_S1_P_val_1,100,1
4295,936,TEST_S1_P_val_1,100,1
4297,571,TEST_S1_P_val_1,100,1
4298,648,TEST_S1_P_val_1,100,1
4300,759,TEST_S1_P_val_1,100,1
4302,758,TEST_S1_P_val_1,100,1
4303,1056,TEST_S1_P_val_1,100,1
4304,774,TEST_S1_P_val_1,100,1
4305,603,TEST_S1_P_val_1,100,1
4306,731,TEST_S1_P_val_1,100,1
4307,1049,TEST_S1_P_val_1,100,1
4308,682,TEST_S1_P_val_1,100,1
4309,502,TEST_S1_P_val_1,100,1
4310,720,TEST_S1_P_val_1,100,1
4311,743,TEST_S1_P_val_1,100,1
4312,1019,TEST_S1_P_val_1,100,1
4314,851,TEST_S1_P_val_1,100,1
4315,1018,TEST_S1_P_val_1,100,1
4316,695,TEST_S1_P_val_1,100,1
4317,926,TEST_S1_P_val_1,94,1
4318,1006,TEST_S1_P_val_1,100,1
4319,923,TEST_S1_P_val_1,100,1
4322,872,TEST_S1_P_val_1,100,1
4323,1142,TEST_S1_P_val_1,100,1
4324,1051,TEST_S1_P_val_1,92,1
4327,1078,TEST_S1_P_val_1,100,1
4328,1043,TEST_S1_P_val_1,96,1
4330,613,TEST_S1_P_val_1,100,1
4333,915,TEST_S1_P_val_1,100,1
4334,462,TEST_S1_P_val_1,100,1
4335,1198,TEST_S1_P_val_1,75,1
4336,1187,TEST_S1_P_val_1,100,1
4337,1192,TEST_S1_P_val_1,100,1
4338,774,TEST_S1_P_val_1,92,1
4339,554,TEST_S1_P_val_1,100,1
4340,697,TEST_S1_P_val_1,94,1
4344,1201,TEST_S1_P_val_1,100,1
4345,1265,TEST_S1_P_val_1,100,1
4346,724,TEST_S1_P_val_1,100,1
4347,1162,TEST_S1_P_val_1,100,1
4348,1232,TEST_S1_P_val_1,100,1
4349,690,TEST_S1_P_val_1,100,1
4351,488,TEST_S1_P_val_1,100,1
4352,1065,TEST_S1_P_val_1,100,1
4353,539,TEST_S1_P_val_1,100,1
4357,549,TEST_S1_P_val_1,90,1
4358,635,TEST_S1_P_val_1,100,1
4360,1383,TEST_S1_P_val_1,100,1
4361,435,TEST_S1_P_val_1,100,1
4362,854,TEST_S1_P_val_1,100,1
4363,779,TEST_S1_P_val_1,81,1
4364,1245,TEST_S1_P_val_1,100,1
4365,1449,TEST_S1_P_val_1,98,1
4367,783,TEST_S1_P_val_1,100,1
4368,1469,TEST_S1_P_val_1,100,1
4369,575,TEST_S1_P_val_1,100,1
4370,672,TEST_S1_P_val_1,100,1
4371,432,TEST_S1_P_val_1,100,1
4372,1268,TEST_S1_P_val_1,95,1
4376,1521,TEST_S1_P_val_1,0,1
4377,1128,TEST_S1_P_val_1,100,1
4378,924,TEST_S1_P_val_1,100,1
4379,1611,TEST_S1_P_val_1,98,1
4381,1308,TEST_S1_P_val_1,100,1
4382,1368,TEST_S1_P_val_1,94,1
4383,469,TEST_S1_P_val_1,100,1
4384,1687,TEST_S1_P_val_1,100,1
4385,1255,TEST_S1_P_val_1,100,1
4388,795,TEST_S1_P_val_1,100,1
4389,963,TEST_S1_P_val_1,100,1
4390,1826,TEST_S1_P_val_1,100,1
4391,1117,TEST_S1_P_val_1,100,1
4393,1897,TEST_S1_P_val_1,100,1
4395,540,TEST_S1_P_val_1,100,1
4396,1457,TEST_S1_P_val_1,100,1
4397,1684,TEST_S1_P_val_1,100,1
4400,924,TEST_S1_P_val_1,90,1
4403,2098,TEST_S1_P_val_1,100,1
4405,1591,TEST_S1_P_val_1,75,1
4406,1253,TEST_S1_P_val_1,100,1
4407,1924,TEST_S1_P_val_1,100,1
4408,2231,TEST_S1_P_val_1,100,1
4409,1204,TEST_S1_P_val_1,100,1
4410,460,TEST_S1_P_val_1,100,1
4411,2161,TEST_S1_P_val_1,100,1
4412,1909,TEST_S1_P_val_1,100,1
4413,2384,TEST_S1_P_val_1,100,1
4414,2340,TEST_S1_P_val_1,100,1
4415,528,TEST_S1_P_val_1,81,1
4417,1881,TEST_S1_P_val_1,100,1
4418,1792,TEST_S1_P_val_1,100,1
4419,600,TEST_S1_P_val_1,100,1
4420,2711,TEST_S1_P_val_1,100,1
4421,802,TEST_S1_P_val_1,100,1
4422,1944,TEST_S1_P_val_1,90,1
4424,445,TEST_S1_P_val_1,100,1
4425,550,TEST_S1_P_val_1,100,1
4426,889,TEST_S1_P_val_1,100,1
4427,782,TEST_S1_P_val_1,100,1